<!DOCTYPE SimulIDE>

<!-- *************************************************************************** -->
<!-- *   Copyright (C) 2018 by santiago González                               * -->
<!-- *   santigoro@gmail.com                                                   * -->
<!-- *                                                                         * -->
<!-- *   This program is free software; you can redistribute it and/or modify  * -->
<!-- *   it under the terms of the GNU General Public License as published by  * -->
<!-- *   the Free Software Foundation; either version 3 of the License, or     * -->
<!-- *   (at your option) any later version.                                   * -->
<!-- *                                                                         * -->
<!-- *   This program is distributed in the hope that it will be useful,       * -->
<!-- *   but WITHOUT ANY WARRANTY; without even the implied warranty of        * -->
<!-- *   MERCHANTABILITY or FITNESS FOR A PARTICULAR PURPOSE.  See the         * -->
<!-- *   GNU General Public License for more details.                          * -->
<!-- *                                                                         * -->
<!-- *   You should have received a copy of the GNU General Public License     * -->
<!-- *   along with this program; if not, see <http://www.gnu.org/licenses/>.  * -->
<!-- *                                                                         * -->
<!-- *************************************************************************** -->

<itemlib>
    <tag>QT_TRANSLATE_NOOP("xmlfile","Logic")</tag>
    
    <itemset category="Logic" type="">
        <item name="IC CD"  package=""  subcircuit=""  icon="ic2.png" ></item>
    </itemset>
    
    <itemset category="Logic/IC CD" type="Subcircuit">

    <item name="CD4510"  package="icCD/CD4510.package"  subcircuit="icCD/CD4510.subcircuit" ></item>
    <item name="CD4511"  package="icCD/CD4511.package"  subcircuit="icCD/CD4511.subcircuit" ></item>

    </itemset>

</itemlib>

